 ,standard,reweight_sampling,discard,reweight_loss
maml,0.0665,0.7889999999999999,0.746,0.833
none,0.029500000000000002,0.7929999999999999,0.7155,0.7985